;République Démocratique du Congo;;;;;;;;;;;;;;;;;;;;;;;;;;
;MINISTERE DES TRANSPORTS, VOIES DE COMMUNICATION ET DE DESENCLAVEMENT;;;;;;;;;;;;;;;;;;;;;;;;;;
;;;;;;;;;;;;;;;;;;;;;;;;;;;
;;;;;;;;;;;;;;;;;;;;;;;;;;;
;;;;;;;;;;;;;4864950;;;;;;;;;;;;;;
;TRANSPORT ACADEMIQUE;;;;;;;;;;;;3243300;;;;;;;;;;;;;;
;;;;;;;;;;;;;8108250;;;;;;;;;;;;;;
;SERVICE DE LA COMPTABILITE;;;;;;;;;;;;;;;;;;;;;;;;;;
;FICHIER D'IMMOBILISATION  FOURNITURE DE BUREAU ET MATERIEL INFORMATIQUE ;;;;;;;;;;;;;;;;;;;;;;;;;;
;Désignation;Compte;Rubrique;Emplacement;Colonne1;Code d'idenification;FOURNISSEUR;Date d'Acquisition ;Mis en service;Fin amort.;Durée;Taux;V0;Amortissement 2023;Cumul Amort 2023;VNC 2023;Amortissement 2024;Cumul Amort 2024;VNC 2024;Coéfficient de Révaluation;VBR;CV;AR;CA;SA;ER;
1;Bureau Partition 4 Seat 240 CM WHM;244400;MOBILIER DE BUREAU ;INFORMATIQUE;;TA/244400/2023/0005/001;;;;;3;0,3333;; 	-      ;;;;;;;;;;;;;
2;Bureau Partition 4 Seat 240 CM WHM;244400;MOBILIER DE BUREAU ;INFORMATIQUE;;TA/244400/2023/0005/002;;;;;3;0,3333;; 	-      ;;;;;;;;;;;;;
3;Fauteuil de Bureau PU CLR BLACK;244400;MOBILIER DE BUREAU ;INFORMATIQUE;;TA/244400/2023/0005/003;;;;;3;0,3333;; 	-      ;;;;;;;;;;;;;
4;Fauteuil de Bureau PU CLR BLACK;244400;MOBILIER DE BUREAU ;INFORMATIQUE;;TA/244400/2023/0005/004;;;;;3;0,3333;; 	-      ;;;;;;;;;;;;;
5;Fauteuil de Bureau PU CLR BLACK;244400;MOBILIER DE BUREAU ;INFORMATIQUE;;TA/244400/2023/0005/005;;;;;3;0,3333;; 	-      ;;;;;;;;;;;;;
6;Fauteuil de Bureau PU CLR BLACK;244400;MOBILIER DE BUREAU ;INFORMATIQUE;;TA/244400/2023/0005/006;;;;;3;0,3333;; 	-      ;;;;;;;;;;;;;
7;Fauteuil de Bureau PU CLR BLACK;244400;MOBILIER DE BUREAU ;INFORMATIQUE;;TA/244400/2023/0005/007;;;;;3;0,3333;; 	-      ;;;;;;;;;;;;;
8;Fauteuil de Bureau PU CLR BLACK;244400;MOBILIER DE BUREAU ;INFORMATIQUE;;TA/244400/2023/0005/008;;;;;3;0,3333;; 	-      ;;;;;;;;;;;;;
9;Fauteuil de Bureau PU CLR BLACK;244400;MOBILIER DE BUREAU ;INFORMATIQUE;;TA/244400/2023/0005/009;;;;;3;0,3333;; 	-      ;;;;;;;;;;;;;
10;Fauteuil de Bureau PU CLR BLACK;244400;MOBILIER DE BUREAU ;INFORMATIQUE;;TA/244400/2023/0005/010;;;;;3;0,3333;; 	-      ;;;;;;;;;;;;;
11;Imprimante pour Cartes en Panne ;244200;MATERIEL INFORMATIQUE ;INFORMATIQUE;;TA/244200/2023/0005/011;;;;;3;0,3333;; 	-      ;;;;;;;;;;;;;
12;Ordinateur Mack book;244200;MATERIEL INFORMATIQUE ;INFORMATIQUE;;TA/244200/2023/0005/012;;;;;3;0,3333;; 	-      ;;;;;;;;;;;;;
13;Ordinateur Mack book;244200;MATERIEL INFORMATIQUE ;INFORMATIQUE;;TA/244200/2023/0005/013;;;;;3;0,3333;; 	-      ;;;;;;;;;;;;;
14;Ordinateur Mack book;244200;MATERIEL INFORMATIQUE ;INFORMATIQUE;;TA/244200/2023/0005/014;;;;;3;0,3333;; 	-      ;;;;;;;;;;;;;
15;Ordinateur Portable HP;244200;MATERIEL INFORMATIQUE ;INFORMATIQUE;;TA/244200/2023/0005/015;;;;;3;0,3333;; 	-      ;;;;;;;;;;;;;
16;Ordinateur LENOVO;244200;MATERIEL INFORMATIQUE ;INFORMATIQUE;;TA/244200/2023/0005/016;;;;;3;0,3333;; 	-      ;;;;;;;;;;;;;
17;Ordinateur LENOVO;244200;MATERIEL INFORMATIQUE ;INFORMATIQUE;;TA/244200/2023/0005/017;;;;;3;0,3333;; 	-      ;;;;;;;;;;;;;
18;Television LG 64 POUCES Smart ;244200;MATERIEL INFORMATIQUE ;INFORMATIQUE;;TA/244200/2023/0005/018;;;;;3;0,3333;; 	-      ;;;;;;;;;;;;;
19;Table Modeles Evelyn;244400;MOBILIER DE BUREAU ;INFORMATIQUE;;TA/244400/2023/0005/019;;;;;3;0,3333;; 	-      ;;;;;;;;;;;;;
20;Grande chaises Special ;244400;MOBILIER DE BUREAU ;INFORMATIQUE;;TA/244400/2023/0005/020;;;;;3;0,3333;; 	-      ;;;;;;;;;;;;;
21;(1 Rack +3Routeur +2 Repetiteur /Serveur );244400;MOBILIER DE BUREAU ;INFORMATIQUE;;TA/244400/2023/0005/021;;;;;3;0,3333;; 	-      ;;;;;;;;;;;;;
22;Extender ;244200;MATERIEL INFORMATIQUE ;INFORMATIQUE;;TA/244200/2024/0005/022;ABS;8/3/24;8/3/24;8/3/27;3;0,3333; 	2 422 500,00 FC ; 	865,18 FC ;;;;;;;;;;;;;
23;Extender ;244200;MATERIEL INFORMATIQUE ;INFORMATIQUE;;TA/244200/2024/0005/023;ABS;8/3/24;8/3/24;8/3/27;3;0,3333; 	2 422 500,00 FC ; 	865,18 FC ;;;;;;;;;;;;;
24;Bureau Partition 4 Seat 240 CM WHM;244400;MOBILIER DE BUREAU ;COMMUNICATION ;;TA/244400/2023/0007/001;;;;;3;0,3333;; 	-      ;;;;;;;;;;;;;
25;Bureau Partition 4 Seat 240 CM WHM Declasse;244400;MOBILIER DE BUREAU ;COMMUNICATION ;;TA/244400/2023/0007/002;;;;;3;0,3333;; 	-      ;;;;;;;;;;;;;
26;Table Noir ;244400;MOBILIER DE BUREAU ;COMMUNICATION ;;TA/244400/2023/0007/003;;;;;3;0,3333;; 	-      ;;;;;;;;;;;;;
27;Fauteuil de Bureau PU CLR BLACK;244400;MOBILIER DE BUREAU ;COMMUNICATION ;;TA/244400/2023/0007/004;;;;;3;0,3333;; 	-      ;;;;;;;;;;;;;
28;Fauteuil de Bureau PU CLR BLACK;244400;MOBILIER DE BUREAU ;COMMUNICATION ;;TA/244400/2023/0007/005;;;;;3;0,3333;; 	-      ;;;;;;;;;;;;;
29;Fauteuil de Bureau PU CLR BLACK;244400;MOBILIER DE BUREAU ;COMMUNICATION ;;TA/244400/2023/0007/006;;;;;3;0,3333;; 	-      ;;;;;;;;;;;;;
30;Fauteuil de Bureau PU CLR BLACK;244400;MOBILIER DE BUREAU ;COMMUNICATION ;;TA/244400/2023/0007/007;;;;;3;0,3333;; 	-      ;;;;;;;;;;;;;
31;Fauteuil de Bureau PU CLR BLACK;244400;MOBILIER DE BUREAU ;COMMUNICATION ;;TA/244400/2023/0007/008;;;;;;;; 	-      ;;;;;;;;;;;;;
32;Fauteuil special;244400;MOBILIER DE BUREAU ;COMMUNICATION ;;TA/244400/2023/0007/009;;;;;3;0,3333;; 	-      ;;;;;;;;;;;;;
33;Fauteuil special;244400;MOBILIER DE BUREAU ;COMMUNICATION ;;TA/244400/2023/0007/010;;;;;3;0,3333;; 	-      ;;;;;;;;;;;;;
34;Bureau Partition 2 Seat 240 CM WHM;244400;MOBILIER DE BUREAU ;COMMUNICATION ;;TA/244400/2023/0007/011;;;;;3;0,3333;; 	-      ;;;;;;;;;;;;;
35;Extender ;244200;MATERIEL INFORMATIQUE ;COMMUNICATION ;;TA/244200/2024/0007/012;ABS;8/3/24;8/3/24;8/3/27;3;0,3333; 	2 422 500,00 FC ; 	865,18 FC ;;;;;;;;;;;;;
36;Extender ;244200;MATERIEL INFORMATIQUE ;COMMUNICATION ;;TA/244200/2024/0007/013;ABS;8/3/24;8/3/24;8/3/27;3;0,3333; 	2 422 500,00 FC ; 	865,18 FC ;;;;;;;;;;;;;
37;Extender ;244200;MATERIEL INFORMATIQUE ;COMMUNICATION ;;TA/244200/2024/0007/014;ABS;8/3/24;8/3/24;8/3/27;3;0,3333; 	2 422 500,00 FC ; 	865,18 FC ;;;;;;;;;;;;;
38;CAMERA SONY A 6700;244200;MATERIEL INFORMATIQUE ;COMMUNICATION ;;TA/244200/2024/0007/015;ABS;8/8/24;8/8/24;8/8/27;3;0,3333; 	8 108 250,00 FC ; 	2 895,80 FC ;;;;;;;;;;;;;
39;Trepied;244200;MATERIEL INFORMATIQUE ;COMMUNICATION ;;TA/244200/2023/0007/016;;;;;3;0,3333;; 	-      ;;;;;;;;;;;;;
40;Ordinateur Fixes ;244200;MATERIEL INFORMATIQUE ;COMMUNICATION ;;TA/244200/2023/0007/017;;;;;3;0,3333;; 	-      ;;;;;;;;;;;;;
41;Ordinateur Fixes ;244200;MATERIEL INFORMATIQUE ;COMMUNICATION ;;TA/244200/2023/0007/018;;;;;3;0,3333;; 	-      ;;;;;;;;;;;;;
42;Imprimante HP;244200;MATERIEL INFORMATIQUE ;COMMUNICATION ;;TA/244200/2023/0007/019;ALPHA ;2/17/23;2/17/23;2/17/26;3;0,3333; 	522 500,00 FC ; 	186,61 FC ;;;;;;;;;;;;;
43;Ordinateur Portable LENOVO;244200;MATERIEL INFORMATIQUE ;COMMUNICATION ;;TA/244200/2023/0007/020;ETS Info et Comm.Tech;3/17/23;3/17/23;2/17/26;3;0,3333; 	4 675 000,00 FC ; 	1 669,64 FC ;;;;;;;;;;;;;
44;Ordinateur Portable HP;244200;MATERIEL INFORMATIQUE ;COMMUNICATION ;;TA/244200/2023/0007/021;ETS Info et Comm.Tech;3/17/23;3/17/23;2/17/26;3;0,3333; 	3 025 000,00 FC ; 	1 080,36 FC ;;;;;;;;;;;;;
45;Ordinateur Portable HP;244200;MATERIEL INFORMATIQUE ;COMMUNICATION ;;TA/244200/2023/0007/022;ETS Info et Comm.Tech;3/17/23;3/17/23;2/17/26;3;0,3333; 	3 025 000,00 FC ; 	1 080,36 FC ;;;;;;;;;;;;;
46;Ordinateur Portable HP;244200;MATERIEL INFORMATIQUE ;COMMUNICATION ;;TA/244200/2023/0007/023;ETS Info et Comm.Tech;3/17/23;3/17/23;2/17/26;3;0,3333; 	3 025 000,00 FC ; 	1 080,36 FC ;;;;;;;;;;;;;
47;Ordinateur Portable HP;244200;MATERIEL INFORMATIQUE ;COMMUNICATION ;;TA/244200/2023/0007/024;ETS Info et Comm.Tech;3/17/23;3/17/23;2/17/26;3;0,3333; 	3 025 000,00 FC ; 	1 080,36 FC ;;;;;;;;;;;;;
48;Chaise bureau brown Black (2CL=3AC) (T26);244400;MOBILIER DE BUREAU ;SALLE DE REUNION ;;TA/244400/2023/0012/001;;;;;3;0,3333;; 	-      ;;;;;;;;;;;;;
49;Chaise bureau brown Black (2CL=3AC) (T26);244400;MOBILIER DE BUREAU ;SALLE DE REUNION ;;TA/244400/2023/0012/002;;;;;3;0,3333;; 	-      ;;;;;;;;;;;;;
50;Chaise bureau brown Black (2CL=3AC) (T26);244400;MOBILIER DE BUREAU ;SALLE DE REUNION ;;TA/244400/2023/0012/003;;;;;;;; 	-      ;;;;;;;;;;;;;
51;Conference table 3600*1500*750 SM;244400;MOBILIER DE BUREAU ;SALLE DE REUNION ;;TA/244400/2023/0012/004;;;;;3;0,3333;; 	-      ;;;;;;;;;;;;;
52;Grande Imprimante Canon ;244400;MATERIEL INFORMATIQUE;SALLE DE REUNION ;;TA/244400/2023/0012/005;;;;;3;0,3333;; 	-      ;;;;;;;;;;;;;
53;Bureau 2 Seat avec 2 Tirroir;244400;MOBILIER DE BUREAU ;BUREAU DU CHEF DU PERSONNEL ;;TA/244400/2023/3002/001;;;;;3;0,3333;; 	-      ;;;;;;;;;;;;;
54;Table noir avec tirroir ;244400;MOBILIER DE BUREAU ;BUREAU DU CHEF DU PERSONNEL ;;TA/244400/2023/3002/002;;;;;3;0,3333;; 	-      ;;;;;;;;;;;;;
55;Armoire ;244400;MOBILIER DE BUREAU ;BUREAU DU CHEF DU PERSONNEL ;;TA/244400/2023/3002/003;;;;;3;0,3333;; 	-      ;;;;;;;;;;;;;
56;Armoire ;244400;MOBILIER DE BUREAU ;BUREAU DU CHEF DU PERSONNEL ;;TA/244400/2023/3002/004;;;;;3;0,3333;; 	-      ;;;;;;;;;;;;;
57;Imprimante Hp117 A;244200;MATERIEL INFORMATIQUE ;BUREAU DU CHEF DU PERSONNEL ;;TA/244200/2023/3002/005;;;;;3;0,3333;; 	-      ;;;;;;;;;;;;;
58;Ordinateur fixes HP;244200;MATERIEL INFORMATIQUE ;BUREAU DU CHEF DU PERSONNEL ;;TA/244200/2023/3002/006;;;;;3;0,3333;; 	-      ;;;;;;;;;;;;;
59;Ordinateur fixes HP;244200;MATERIEL INFORMATIQUE ;BUREAU DU CHEF DU PERSONNEL ;;TA/244200/2023/3002/007;;;;;3;0,3333;; 	-      ;;;;;;;;;;;;;
60;Fauteuil grand Special ;244400;MOBILIER DE BUREAU ;BUREAU DU CHEF DU PERSONNEL ;;TA/244400/2023/3002/008;;;;;3;0,3333;; 	-      ;;;;;;;;;;;;;
61;Ordinateur Portable HP;244200;MATERIEL INFORMATIQUE ;BUREAU DU CHEF DU PERSONNEL ;;TA/244200/2023/3002/009;ETS Info et Comm.Tech;3/17/23;3/17/23;3/17/26;3;0,3333; 	3 025 000,00 FC ; 	1 080,36 FC ;;;;;;;;;;;;;
62;Ordinateur Portable HP;244200;MATERIEL INFORMATIQUE ;BUREAU DU CHEF DU PERSONNEL ;;TA/244200/2023/3002/010;;;;;3;0,3333;; 	-      ;;;;;;;;;;;;;
63;Ordinateur Portable HP;244200;MATERIEL INFORMATIQUE ;BUREAU DU CHEF DU PERSONNEL ;;TA/244200/2023/3002/011;;;;;3;0,3333;; 	-      ;;;;;;;;;;;;;
64;Ordinateur Portable HP;244200;MATERIEL INFORMATIQUE ;BUREAU DU CHEF DU PERSONNEL ;;TA/244200/2023/3002/012;;;;;3;0,3333;; 	-      ;;;;;;;;;;;;;
65;Ordinateur Portable HP;244200;MATERIEL INFORMATIQUE ;BUREAU DU CHEF DU PERSONNEL ;;TA/244200/2023/3002/013;;;;;;;; 	-      ;;;;;;;;;;;;;
66;Fauteuil avec Roulettes;244400;MOBILIER DE BUREAU ;BUREAU DU CHEF DU PERSONNEL ;;TA/244400/2023/3002/014;;;;;3;0,3333;; 	-      ;;;;;;;;;;;;;
67;Fauteuil avec Roulettes;244400;MOBILIER DE BUREAU ;BUREAU DU CHEF DU PERSONNEL ;;TA/244400/2023/3002/015;;;;;3;0,3333;; 	-      ;;;;;;;;;;;;;
68;Fauteuil avec Roulettes;244400;MOBILIER DE BUREAU ;BUREAU DU CHEF DU PERSONNEL ;;TA/244400/2023/3002/016;;;;;3;0,3333;; 	-      ;;;;;;;;;;;;;
69;Fauteuil avec Roulettes;244400;MOBILIER DE BUREAU ;BUREAU DU CHEF DU PERSONNEL ;;TA/244400/2023/3002/017;;;;;3;0,3333;; 	-      ;;;;;;;;;;;;;
70;Fauteuil avec Roulettes;244400;MOBILIER DE BUREAU ;BUREAU DU CHEF DU PERSONNEL ;;TA/244400/2023/3002/018;;;;;3;0,3333;; 	-      ;;;;;;;;;;;;;
71;Fauteuil avec Roulettes;244400;MOBILIER DE BUREAU ;BUREAU DU CHEF DU PERSONNEL ;;TA/244400/2023/3002/019;;;;;3;0,3333;; 	-      ;;;;;;;;;;;;;
72;Fauteuil avec Roulettes;244400;MOBILIER DE BUREAU ;BUREAU DU CHEF DU PERSONNEL ;;TA/244400/2023/3002/020;;;;;;;; 	-      ;;;;;;;;;;;;;
73;Fauteuil avec Roulettes;244400;MOBILIER DE BUREAU ;BUREAU DU CHEF DU PERSONNEL ;;TA/244400/2023/3002/021;;;;;;;; 	-      ;;;;;;;;;;;;;
74;Bureau 2 Seat avec 2 Tirroire;244400;MOBILIER DE BUREAU ;PASSATION DE MARCHE;;TA/244400/2023/0009/001;;;;;3;0,3333;; 	-      ;;;;;;;;;;;;;
75;Bureau 2 Seat avec 2 Tirroire;244400;MOBILIER DE BUREAU ;PASSATION DE MARCHE;;TA/244400/2023/0009/002;;;;;3;0,3333;; 	-      ;;;;;;;;;;;;;
76;Fauteuil de Bureau PU CLR Black RE;244400;MOBILIER DE BUREAU ;PASSATION DE MARCHE;;TA/244400/2023/0009/003;;;;;3;0,3333;; 	-      ;;;;;;;;;;;;;
77;Fauteuil de Bureau PU CLR Black RE;244400;MOBILIER DE BUREAU ;PASSATION DE MARCHE;;TA/244400/2023/0009/004;;;;;3;0,3333;; 	-      ;;;;;;;;;;;;;
78;Fauteuil de Bureau PU CLR Black RE;244400;MOBILIER DE BUREAU ;PASSATION DE MARCHE;;TA/244400/2023/0009/005;;;;;3;0,3333;; 	-      ;;;;;;;;;;;;;
79;Fauteuil grand Special ;244400;MOBILIER DE BUREAU ;PASSATION DE MARCHE;;TA/244400/2023/0009/006;;;;;3;0,3333;; 	-      ;;;;;;;;;;;;;
80;Bureau 2 Seat avec 6 Tirroire;244400;MOBILIER DE BUREAU ;SERVICE GENERAUX ;;TA/244400/2023/3005/001;;;;;3;0,3333;; 	-      ;;;;;;;;;;;;;
81;Bureau 2 Seat avec 6 Tirroire;244400;MOBILIER DE BUREAU ;SERVICE GENERAUX ;;TA/244400/2023/3005/002;;;;;3;0,3333;; 	-      ;;;;;;;;;;;;;
82;Bureau 2 Seat avec 6 Tirroire;244400;MOBILIER DE BUREAU ;SERVICE GENERAUX ;;TA/244400/2023/3005/003;;;;;3;0,3333;; 	-      ;;;;;;;;;;;;;
83;Fauteuil de Bureau PU CLR Black RE;244400;MOBILIER DE BUREAU ;SERVICE GENERAUX ;;TA/244400/2023/3005/004;;;;;3;0,3333;; 	-      ;;;;;;;;;;;;;
84;Fauteuil de Bureau PU CLR Black RE;244400;MOBILIER DE BUREAU ;SERVICE GENERAUX ;;TA/244400/2023/3005/005;;;;;3;0,3333;; 	-      ;;;;;;;;;;;;;
85;Fauteuil avec Roulettes;244400;MOBILIER DE BUREAU ;SERVICE GENERAUX ;;TA/244400/2023/3005/006;;;;;3;0,3333;; 	-      ;;;;;;;;;;;;;
86;Fauteuil avec Roulettes;244400;MOBILIER DE BUREAU ;SERVICE GENERAUX ;;TA/244400/2023/3005/007;;;;;3;0,3333;; 	-      ;;;;;;;;;;;;;
87;Fauteuil avec Roulettes;244400;MOBILIER DE BUREAU ;SERVICE GENERAUX ;;TA/244400/2023/3005/008;;;;;3;0,3333;; 	-      ;;;;;;;;;;;;;
88;Fauteuil avec Roulettes;244400;MOBILIER DE BUREAU ;SERVICE GENERAUX ;;TA/244400/2023/3005/009;;;;;3;0,3333;; 	-      ;;;;;;;;;;;;;
89;Armoire ;244400;MOBILIER DE BUREAU ;SERVICE GENERAUX ;;TA/244400/2023/3005/010;;;;;3;0,3333;; 	-      ;;;;;;;;;;;;;
90;Armoire ;244400;MOBILIER DE BUREAU ;SERVICE GENERAUX ;;TA/244400/2023/3005/011;;;;;3;0,3333;; 	-      ;;;;;;;;;;;;;
91;Ordinateur Fixes HP;244200;MATERIEL INFORMATIQUE ;SERVICE GENERAUX ;;TA/244200/2023/3005/012;;;;;3;0,3333;; 	-      ;;;;;;;;;;;;;
92;Ordinateur Fixes HP;244200;MATERIEL INFORMATIQUE ;SERVICE GENERAUX ;;TA/244200/2023/3005/013;;;;;3;0,3333;; 	-      ;;;;;;;;;;;;;
93;Ordinateur Fixes HP;244200;MATERIEL INFORMATIQUE ;SERVICE GENERAUX ;;TA/244200/2023/3005/014;;;;;3;0,3333;; 	-      ;;;;;;;;;;;;;
94;Imprimante HP;244200;MATERIEL INFORMATIQUE ;SERVICE GENERAUX ;;TA/244200/2023/3005/015;;;;;3;0,3333;; 	-      ;;;;;;;;;;;;;
95;Imprimante HP en Panne;244200;MATERIEL INFORMATIQUE ;SERVICE GENERAUX ;;TA/244200/2023/3005/016;;;;;;;; 	-      ;;;;;;;;;;;;;
96;Table 1 Sea Staff desk 140*70*75cm-gold teakavec 4 Tirroir ;244400;MOBILIER DE BUREAU ;SEC DIR FINANCIER ;;TA/244400/2023/4001/001;;;;;3;0,3333;; 	-      ;;;;;;;;;;;;;
97;Imprimante HP;244200;MATERIEL INFORMATIQUE ;SEC DIR FINANCIER ;;TA/244200/2023/4001/002;;;;;3;0,3333;; 	-      ;;;;;;;;;;;;;
98;Machine Fixe;244200;MATERIEL INFORMATIQUE ;SEC DIR FINANCIER ;;TA/244200/2023/4001/003;;;;;3;0,3333;; 	-      ;;;;;;;;;;;;;
99;Chaise bureau black (2CL=3AC) (T26);244400;MOBILIER DE BUREAU ;SEC DIR FINANCIER ;;TA/244400/2023/4001/004;;;;;3;0,3333;; 	-      ;;;;;;;;;;;;;
100;Chaise bureau black (2CL=3AC) (T26);244400;MOBILIER DE BUREAU ;SEC DIR FINANCIER ;;TA/244400/2023/4001/005;;;;;;;; 	-      ;;;;;;;;;;;;;
101;Armoire en Bois ;244400;MOBILIER DE BUREAU ;SEC DIR FINANCIER ;;TA/244400/2023/4001/006;NZUZI KHONDE;4/23/24;4/23/24;4/23/27; 	3,00 ;33 %; 	357 500,00 FC ; 	127,68 FC ;;;;;;;;;;;;;
102;Fauteuil ;244400;MOBILIER DE BUREAU ;SERVICE LOCATION ;;TA/244400/2023/0006/001;;;;;3;0,3333;; 	-      ;;;;;;;;;;;;;
103;chaises special;244400;MOBILIER DE BUREAU ;SERVICE LOCATION ;;TA/244400/2023/0006/002;;;;;3;0,3333;; 	-      ;;;;;;;;;;;;;
104;Bureau sites a 2 Places ;244400;MOBILIER DE BUREAU ;SERVICE LOCATION ;;TA/244400/2023/0006/003;;;;;3;0,3333;; 	-      ;;;;;;;;;;;;;
105;Fauteuil avec Roulettes ;244400;MOBILIER DE BUREAU ;PROTOCOL ;;TA/244400/2023/0008/001;;;;;3;0,3333;; 	-      ;;;;;;;;;;;;;
106;Ordinateur Fixes ;244200;MATERIEL INFORMATIQUE ;PROTOCOL ;;TA/244200/2023/0008/002;;;;;3;0,3333;; 	-      ;;;;;;;;;;;;;
107;Grande tables reception avec Armoires;244400;MOBILIER DE BUREAU ;PROTOCOL ;;TA/244400/2023/0008/003;;;;;3;0,3333;; 	-      ;;;;;;;;;;;;;
108;Armoire File cabinet 800*400*200CLR KALDI IV (armoire);244400;MOBILIER DE BUREAU ;BUREAU DG;;TA/244400/2023/0010/001;;;;;3;0,3333;; 	-      ;;;;;;;;;;;;;
109;Table Special DG Excluisive table 3200*2200 REF 59M01;244400;MOBILIER DE BUREAU ;BUREAU DG;;TA/244400/2023/0010/002;;;;;3;0,3333;; 	-      ;;;;;;;;;;;;;
110;Fauteuil DG Special Office chair 69*66,5*122.5 brown PU;244400;MOBILIER DE BUREAU ;BUREAU DG;;TA/244400/2024/0010/003;DREAMS;8/8/24;8/8/24;8/8/27;3;0,3333; 	770 000,00 FC ; 	275,00 FC ;;;;;;;;;;;;;
;Fauteuil DG Special Office chair 69*66,5*122.5 brown PU;244400;MOBILIER DE BUREAU ;BUREAU DG;;TA/244400/2024/0010/008;DREAMS;8/8/24;8/8/24;8/8/27;3;0,3333; 	770 000,00 FC ; 	275,00 FC ;;;;;;;;;;;;;
;Table de bureau;244400;MOBILIER DE BUREAU ;BUREAU DG;;TA/244400/2024/0010/009;DREAMS;8/8/24;8/8/24;8/8/27;3;0,3333; 	238 000,00 FC ; 	85,00 FC ;;;;;;;;;;;;;
;Table de bureau;244400;MOBILIER DE BUREAU ;BUREAU DG;;TA/244400/2024/0010/010;DREAMS;8/8/24;8/8/24;8/8/27;3;0,3333; 	238 000,00 FC ; 	85,00 FC ;;;;;;;;;;;;;
111;Fauteuil de Bureau PU CLR BLACK (2CL=3AC) (T26);244400;MOBILIER DE BUREAU ;BUREAU DG;;TA/244400/2024/0010/004;DREAMS;8/8/24;8/8/24;8/8/27;3;0,3333; 	378 000,00 FC ; 	135,00 FC ;;;;;;;;;;;;;
112;Fauteuil de Bureau PU CLR BLACK (2CL=3AC) (T26);244400;MOBILIER DE BUREAU ;BUREAU DG;;TA/244400/2023/0010/005;;;;;3;0,3333;; 	-      ;;;;;;;;;;;;;
113;Fauteuil de Bureau avec Roulette;244400;MOBILIER DE BUREAU ;BUREAU DG;;TA/244400/2023/0010/006;;;;;3;0,3333;; 	-      ;;;;;;;;;;;;;
114;Fauteuil de Bureau avec Roulette;244400;MOBILIER DE BUREAU ;BUREAU DG;;TA/244400/2023/0010/007;;;;;3;0,3333;; 	-      ;;;;;;;;;;;;;
115;Video Porjecteur Screen;244200;MATERIEL INFORMATIQUE ;COMPTABILITE;;A FAIRE;Orange Computer ;2/6/23;2/10/23;2/10/26;3;0,3333; 	874 000,00 FC ; 	312,14 FC ;;;;;;;;;;;;;
;Video Porjecteur Screen;;MATERIEL INFORMATIQUE ;BUREAU DG;;;Papeterie la Sagesse;6/7/24;6/7/24;6/7/27;;; 	2 700 000,00 FC ; 	964,29 FC ;;;;;;;;;;;;;
116;Television LG ;244200;MATERIEL INFORMATIQUE ;BUREAU DG;;TA/244200/2023/0010/009;Papeterie ;;;;3;0,3333;; 	-      ;;;;;;;;;;;;;
117;Fauteuil de Bureau PU CLR BLACK;244400;MOBILIER DE BUREAU ;BUREAU AP;;TA/244400/2023/0001/001;;;;;3;0,3333;; 	-      ;;;;;;;;;;;;;
118;Fauteuil grand Special ;244400;MOBILIER DE BUREAU ;BUREAU AP;;TA/244400/2023/0001/002;;;;;3;0,3333;; 	-      ;;;;;;;;;;;;;
119;Table avec tirroir ;244400;MOBILIER DE BUREAU ;BUREAU AP;;TA/244400/2023/0001/003;;;;;3;0,3333;; 	-      ;;;;;;;;;;;;;
120;Ordinateur portable HP;244200;MATERIEL INFORMATIQUE ;BUREAU AP;;TA/244200/2023/0001/004;;;;;3;;; 	-      ;;;;;;;;;;;;;
121;split12000 BTU OCEAN;244400;MOBILIER DE BUREAU ;BUREAU AP;;TA/244400/2024/0001/004;STE PROTEK sarl;11/11/24;11/11/24;11/11/26;3;; 	1 052 650,00 FC ; 	375,95 FC ;;;;;;;;;;;;;
121;Armoire cabinet 120*40200walnut gre (armoire);244400;MOBILIER DE BUREAU ;BUREAU DU SECRETAIRE DG;;TA/244400/2023/0002/001;;;;; 	3,00 ;33 %;; 	-      ;;;;;;;;;;;;;
122;Bureau partition 124*122*105 kldi (2seat);244400;MOBILIER DE BUREAU ;BUREAU DU SECRETAIRE DG;;TA/244400/2023/0002/002;;;;; 	3,00 ;33 %;; 	-      ;;;;;;;;;;;;;
123;Table noir Office table 120*60*75*CL Ref kt ;244400;MOBILIER DE BUREAU ;BUREAU DU SECRETAIRE DG;;TA/244400/2023/0002/003;;;;; 	3,00 ;33 %;; 	-      ;;;;;;;;;;;;;
124;Table noir Office table 120*60*75*CL Ref kt ;244400;MOBILIER DE BUREAU ;BUREAU DU SECRETAIRE DG;;TA/244400/2023/0002/004;;;;;;;; 	-      ;;;;;;;;;;;;;
125;Ordinateur portable HP;244200;MATERIEL INFORMATIQUE ;BUREAU DU SECRETAIRE DG;;TA/244200/2023/0002/005;;;;; 	3,00 ;;; 	-      ;;;;;;;;;;;;;
126;Ordinateur portable HP;244200;MATERIEL INFORMATIQUE ;BUREAU DU SECRETAIRE DG;;TA/244200/2023/0002/006;;;;; 	3,00 ;;; 	-      ;;;;;;;;;;;;;
127;Ordinateur portable HP;244200;MATERIEL INFORMATIQUE ;BUREAU DU SECRETAIRE DG;;TA/244200/2023/0002/007;;;;; 	3,00 ;;; 	-      ;;;;;;;;;;;;;
128;Fauteuil de Bureau PU CLR BLACK black RE (T50);244400;MOBILIER DE BUREAU ;BUREAU DU SECRETAIRE DG;;TA/244400/2023/0002/008;;;;; 	3,00 ;33 %;; 	-      ;;;;;;;;;;;;;
129;Fauteuil de Bureau PU CLR BLACK black RE (T50);244400;MOBILIER DE BUREAU ;BUREAU DU SECRETAIRE DG;;TA/244400/2023/0002/009;;;;; 	3,00 ;33 %;; 	-      ;;;;;;;;;;;;;
130;Fauteuil de Bureau PU CLR BLACK black RE (T50);244400;MOBILIER DE BUREAU ;BUREAU DU SECRETAIRE DG;;TA/244400/2023/0002/010;;;;; 	3,00 ;33 %;; 	-      ;;;;;;;;;;;;;
131;Fauteuil de Bureau PU CLR BLACK black RE (T50);244400;MOBILIER DE BUREAU ;BUREAU DU SECRETAIRE DG;;TA/244400/2023/0002/011;;;;; 	3,00 ;33 %;; 	-      ;;;;;;;;;;;;;
132;Fauteuil de Bureau PU CLR BLACK black RE (T50);244400;MOBILIER DE BUREAU ;BUREAU DU SECRETAIRE DG;;TA/244400/2023/0002/012;;;;; 	3,00 ;33 %;; 	-      ;;;;;;;;;;;;;
133;Fauteuil avec Roulettes (2CL=3AC)(T26) black and Brown;244400;MOBILIER DE BUREAU ;BUREAU DU SECRETAIRE DG;;TA/244400/2023/0002/013;;;;; 	3,00 ;33 %;; 	-      ;;;;;;;;;;;;;
134;Fauteuil avec Roulettes (2CL=3AC)(T26) black and Brown;244400;MOBILIER DE BUREAU ;BUREAU DU SECRETAIRE DG;;TA/244400/2023/0002/014;;;;; 	3,00 ;33 %;; 	-      ;;;;;;;;;;;;;
135;Fauteuil avec Roulettes (2CL=3AC)(T26) black and Brown;244400;MOBILIER DE BUREAU ;BUREAU DU SECRETAIRE DG;;TA/244400/2023/0002/015;;;;;;33 %;; 	-      ;;;;;;;;;;;;;
136;Imprimante hp avec Wifi;244200;MATERIEL INFORMATIQUE ;BUREAU DU SECRETAIRE DG;;TA/244200/2023/0002/016;;;;; 	3,00 ;33 %;; 	-      ;;;;;;;;;;;;;
137;Imprimante hp avec Wifi;244200;MATERIEL INFORMATIQUE ;BUREAU DU SECRETAIRE DG;;TA/244200/2023/0002/017;;;;; 	3,00 ;33 %;; 	-      ;;;;;;;;;;;;;
138;Chaise bureau black (2CL=3AC) (T26);244400;MOBILIER DE BUREAU ;BUREAU SECRETARIA DGA;;TA/244400/2023/0002/018;;;;; 	3,00 ;33 %;; 	-      ;;;;;;;;;;;;;
139;Chaise bureau black (2CL=3AC) (T26);244400;MOBILIER DE BUREAU ;BUREAU SECRETARIA DGA;;TA/244400/2023/0002/019;;;;; 	3,00 ;33 %;; 	-      ;;;;;;;;;;;;;
140;Chaise bureau black (2CL=3AC) (T26);244400;MOBILIER DE BUREAU ;BUREAU SECRETARIA DGA;;TA/244400/2023/0002/020;;;;; 	3,00 ;33 %;; 	-      ;;;;;;;;;;;;;
141;Chaise bureau black (2CL=3AC) (T26);244400;MOBILIER DE BUREAU ;BUREAU SECRETARIA DGA;;TA/244400/2023/0002/021;;;;; 	3,00 ;33 %;; 	-      ;;;;;;;;;;;;;
142;Table Partition ;244400;MOBILIER DE BUREAU ;BUREAU SECRETARIA DGA;;TA/244400/2023/0002/022;;;;; 	3,00 ;33 %;; 	-      ;;;;;;;;;;;;;
143;File cabinet 120*40200walnut gre (armoire);244400;MOBILIER DE BUREAU ;BUREAU SECRETARIA DGA;;TA/244400/2023/0002/023;;;;; 	3,00 ;33 %;; 	-      ;;;;;;;;;;;;;
144;Table Uniques ;244400;MOBILIER DE BUREAU ;BUREAU SECRETARIA DGA;;TA/244400/2023/0002/024;;;;; 	3,00 ;33 %;; 	-      ;;;;;;;;;;;;;
145;Imprimante hp;244200;MATERIEL INFORMATIQUE ;BUREAU SECRETARIA DGA;;TA/244200/2023/0002/025;;;;; 	3,00 ;33 %;; 	-      ;;;;;;;;;;;;;
146;Imprimante hp;244200;MATERIEL INFORMATIQUE ;BUREAU SECRETARIA DGA;;TA/244200/2023/0002/026;;;;; 	3,00 ;33 %;; 	-      ;;;;;;;;;;;;;
147;Ordinateur Portable HP;244200;MATERIEL INFORMATIQUE ;BUREAU SECRETARIA DGA;;TA/244200/2023/0002/027;;;;; 	3,00 ;33 %;; 	-      ;;;;;;;;;;;;;
148;Ordinateur Portable HP;244200;MATERIEL INFORMATIQUE ;BUREAU SECRETARIA DGA;;TA/244200/2023/0002/028;;;;; 	3,00 ;33 %;; 	-      ;;;;;;;;;;;;;
149;Ordinateur Fixe ;244200;MATERIEL INFORMATIQUE ;BUREAU SECRETARIA DGA;;TA/244200/2023/0002/029;;;;; 	3,00 ;33 %;; 	-      ;;;;;;;;;;;;;
150;Fauteuil de Bureau PU CLR BLACK RE;244400;MOBILIER DE BUREAU ;BUREAU DIRECTEUR TECHNIQUE;;TA/244400/2023/1007/001;;;;; 	3,00 ;33 %;; 	-      ;;;;;;;;;;;;;
151;Fauteuil grand Special black (2CL=3AC) (T26);244400;MOBILIER DE BUREAU ;BUREAU DIRECTEUR TECHNIQUE;;TA/244400/2023/1007/002;;;;; 	3,00 ;33 %;; 	-      ;;;;;;;;;;;;;
152;Armoire File cabinet 120*40200walnut gre (armoire);244400;MOBILIER DE BUREAU ;BUREAU DIRECTEUR TECHNIQUE;;TA/244400/2023/1007/003;;;;; 	3,00 ;33 %;; 	-      ;;;;;;;;;;;;;
153;ordinateur Portable hp /voir agent Terrain ;244200;MATERIEL INFORMATIQUE ;BUREAU DIRECTEUR TECHNIQUE;;TA/244200/2023/1007/004;;;;; 	3,00 ;33 %;; 	-      ;;;;;;;;;;;;;
154;ordinateur Portable hp /voir agent Terrain ;244200;MATERIEL INFORMATIQUE ;BUREAU DIRECTEUR TECHNIQUE;;TA/244200/2023/1007/005;;;;; 	3,00 ;33 %;; 	-      ;;;;;;;;;;;;;
155;Table dreme Marque DO Staff desk 140*70*75cm-gold teak;244400;MOBILIER DE BUREAU ;BUREAU DIRECTEUR TECHNIQUE;;TA/244400/2023/1007/006;;;;; 	3,00 ;33 %;; 	-      ;;;;;;;;;;;;;
156;Armoire 120*40200walnut gre (armoire);244400;MOBILIER DE BUREAU ;BUREAU DIRECTEUR DES OPERATION ;;TA/244400/2023/1007/001;;;;; 	3,00 ;33 %;; 	-      ;;;;;;;;;;;;;
157;Armoire en Bois ;244400;MOBILIER DE BUREAU ;BUREAU DIRECTEUR DES OPERATION ;;TA/244400/2023/1007/001;NZUZI KHONDE;4/23/24;4/23/24;4/23/27; 	3,00 ;33 %; 	357 500,00 FC ; 	127,68 FC ;;;;;;;;;;;;;
158;Fauteuil grand Special black (2CL=3AC) (T26);244400;MOBILIER DE BUREAU ;BUREAU DIRECTEUR DES OPERATION ;;TA/244400/2023/1007/001;;;;; 	3,00 ;33 %;; 	-      ;;;;;;;;;;;;;
159;Fauteuil avec Roulettes (2CL=3AC) (T26);244400;MOBILIER DE BUREAU ;BUREAU DIRECTEUR DES OPERATION ;;TA/244400/2023/1007/001;;;;; 	3,00 ;33 %;; 	-      ;;;;;;;;;;;;;
160;Fauteuil avec Roulettes (2CL=3AC) (T26);244400;MOBILIER DE BUREAU ;BUREAU DIRECTEUR DES OPERATION ;;TA/244400/2023/1007/001;;;;; 	3,00 ;33 %;; 	-      ;;;;;;;;;;;;;
161;Table Special Marque DT Staff desk 140*70*75cm-gold teak;244400;MOBILIER DE BUREAU ;BUREAU DIRECTEUR DES OPERATION ;;TA/244400/2023/1007/001;DREAMS;8/8/24;8/8/24;8/8/27; 	3,00 ;33 %; 	238 000,00 FC ; 	85,00 FC ;;;;;;;;;;;;;
162;Ordinateur Fixe;244200;MATERIEL INFORMATIQUE ;BUREAU DIRECTEUR DES OPERATION ;;TA/244200/2023/1007/001;;;;; 	3,00 ;33 %;; 	-      ;;;;;;;;;;;;;
163;Bureau Partition 4 avec de Trroir;244400;MOBILIER DE BUREAU ;SERVICE DE COMPT ET FISC;;TA/244400/2023/4002/001;;;;; 	3,00 ;33 %;; 	-      ;;;;;;;;;;;;;
164;Bureau Fine Cabine Uniques;244400;MOBILIER DE BUREAU ;SERVICE DE COMPT ET FISC;;TA/244400/2023/4002/002;;;;; 	3,00 ;33 %;; 	-      ;;;;;;;;;;;;;
165;Ordinateur Fixes ;244200;MATERIEL INFORMATIQUE ;SERVICE DE COMPT ET FISC;;TA/244200/2023/4002/003;;;;; 	3,00 ;33 %;; 	-      ;;;;;;;;;;;;;
166;Armoire en Bois ;244400;MOBILIER DE BUREAU ;SERVICE DE COMPT ET FISC;;TA/244400/2024/4002/004;NZUZI KHONDE;4/23/24;4/23/24;4/23/27; 	3,00 ;33 %; 	357 500,00 FC ; 	127,68 FC ;;;;;;;;;;;;;
167;Armoire en Bois ;244400;MOBILIER DE BUREAU ;SERVICE DE COMPT ET FISC;;TA/244400/2024/4002/005;NZUZI KHONDE;4/23/24;4/23/24;4/23/27; 	3,00 ;33 %; 	357 500,00 FC ; 	127,68 FC ;;;;;;;;;;;;;
168;Armoire en Bois ;244400;MOBILIER DE BUREAU ;SERVICE DE COMPT ET FISC;;TA/244400/2024/4002/006;NZUZI KHONDE;4/23/24;4/23/24;4/23/27; 	3,00 ;33 %; 	357 500,00 FC ; 	127,68 FC ;;;;;;;;;;;;;
169;Split Hisenses ;244400;MOBILIER DE BUREAU ;SERVICE DE COMPT ET FISC;;TA/244400/2024/4002/007;SAMY TECH;4/1/24;4/5/24;4/5/27; 	3,00 ;0,03; 	997 500,00 FC ; 	356,25 FC ;;;;;;;;;;;;;
170;Fauteuil de Bureau PU CLR BLACK RE;244400;MOBILIER DE BUREAU ;SERVICE DE COMPT ET FISC;;TA/244400/2023/4002/008;;;;; 	3,00 ;33 %;; 	-      ;;;;;;;;;;;;;
171;Fauteuil de Bureau PU CLR BLACK RE;244400;MOBILIER DE BUREAU ;SERVICE DE COMPT ET FISC;;TA/244400/2023/4002/009;;;;; 	3,00 ;33 %;; 	-      ;;;;;;;;;;;;;
172;Fauteuil de Bureau PU CLR BLACK RE;244400;MOBILIER DE BUREAU ;SERVICE DE COMPT ET FISC;;TA/244400/2023/4002/010;;;;; 	3,00 ;33 %;; 	-      ;;;;;;;;;;;;;
173;Fauteuil de Bureau PU CLR BLACK RE;244400;MOBILIER DE BUREAU ;SERVICE DE COMPT ET FISC;;TA/244400/2023/4002/011;;;;; 	3,00 ;33 %;; 	-      ;;;;;;;;;;;;;
174;Fauteuil de Bureau PU CLR BLACK RE;244400;MOBILIER DE BUREAU ;SERVICE DE COMPT ET FISC;;TA/244400/2023/4002/012;;;;; 	3,00 ;33 %;; 	-      ;;;;;;;;;;;;;
175;Fauteuil de Bureau PU CLR BLACK RE;244400;MOBILIER DE BUREAU ;SERVICE DE COMPT ET FISC;;TA/244400/2023/4002/013;;;;; 	3,00 ;33 %;; 	-      ;;;;;;;;;;;;;
176;Fauteuil de Bureau PU CLR BLACK RE;244400;MOBILIER DE BUREAU ;SERVICE DE COMPT ET FISC;;TA/244400/2023/4002/014;;;;; 	3,00 ;33 %;; 	-      ;;;;;;;;;;;;;
177;Fauteuil de Bureau PU CLR BLACK RE;244400;MOBILIER DE BUREAU ;SERVICE DE COMPT ET FISC;;TA/244400/2023/4002/015;;;;; 	3,00 ;33 %;; 	-      ;;;;;;;;;;;;;
178;Ordinateur Portable HP;244200;MATERIEL INFORMATIQUE ;SERVICE DE COMPT ET FISC;;TA/244200/2023/4002/016;;;;; 	3,00 ;33 %;; 	-      ;;;;;;;;;;;;;
179;Ordinateur Portable HP;244200;MATERIEL INFORMATIQUE ;SERVICE DE COMPT ET FISC;;TA/244200/2023/4002/017;;;;; 	3,00 ;33 %;; 	-      ;;;;;;;;;;;;;
180;Ordinateur Portable HP;244200;MATERIEL INFORMATIQUE ;SERVICE DE COMPT ET FISC;;TA/244200/2023/4002/018;;;;; 	3,00 ;33 %;; 	-      ;;;;;;;;;;;;;
181;Bureau partition 2seat 140cm waln ;244400;MOBILIER DE BUREAU ;SERVICE DE TRESORERIE ;;TA/244400/2023/4003/001;;;;; 	3,00 ;33 %;; 	-      ;;;;;;;;;;;;;
182;Office table 120*60*75*CL Ref kt ;244400;MOBILIER DE BUREAU ;SERVICE DE TRESORERIE ;;TA/244400/2023/4003/002;;;;; 	3,00 ;33 %;; 	-      ;;;;;;;;;;;;;
183;Ordinateur Fixes HP;244200;MATERIEL INFORMATIQUE ;SERVICE DE TRESORERIE ;;TA/244200/2023/4003/003;;;;; 	3,00 ;33 %;; 	-      ;;;;;;;;;;;;;
184;Ordinateur Portable HP;244200;MATERIEL INFORMATIQUE ;SERVICE DE TRESORERIE ;;TA/244200/2023/4003/004;;;;; 	3,00 ;33 %;; 	-      ;;;;;;;;;;;;;
185;Imprimantes Hp;244200;MATERIEL INFORMATIQUE ;SERVICE DE TRESORERIE ;;TA/244200/2023/4003/005;;;;; 	3,00 ;33 %;; 	-      ;;;;;;;;;;;;;
186;Coffres Fort ;244400;MOBILIER DE BUREAU ;SERVICE DE TRESORERIE ;;TA/244400/2023/4003/006;;;;; 	3,00 ;33 %;; 	-      ;;;;;;;;;;;;;
187;Compteur de Monnaie ;244200;MATERIEL INFORMATIQUE ;SERVICE DE TRESORERIE ;;TA/244200/2023/4003/007;Orange Computer ;2/17/23;2/17/23;2/17/27; 	3,00 ;33 %; 	962 500,00 FC ; 	343,75 FC ;;;;;;;;;;;;;
188;Ondulleur/ KIWI;244400;MOBILIER DE BUREAU ;SERVICE DE TRESORERIE ;;TA/244400/2023/4003/008;;;;; 	3,00 ;33 %;; 	-      ;;;;;;;;;;;;;
189;Fauteuil de Bureau PU CLR BLACK RE;244400;MOBILIER DE BUREAU ;SERVICE DE TRESORERIE ;;TA/244400/2023/4003/009;;;;; 	3,00 ;33 %;; 	-      ;;;;;;;;;;;;;
190;Fauteuil de Bureau PU CLR BLACK RE;244400;MOBILIER DE BUREAU ;SERVICE DE TRESORERIE ;;TA/244400/2023/4003/010;;;;; 	3,00 ;33 %;; 	-      ;;;;;;;;;;;;;
191;Fauteuil de Bureau PU CLR BLACK RE;244400;MOBILIER DE BUREAU ;SERVICE DE TRESORERIE ;;TA/244400/2023/4003/011;;;;; 	3,00 ;33 %;; 	-      ;;;;;;;;;;;;;
192;Armoire en Bois ;244400;MOBILIER DE BUREAU ;SERVICE DE TRESORERIE ;;TA/244400/2024/4003/012;NZUZI KHONDE;4/23/24;4/23/24;4/23/27; 	3,00 ;33 %; 	357 500,00 FC ; 	127,68 FC ;;;;;;;;;;;;;
193;Armoire en Bois ;244400;MOBILIER DE BUREAU ;SERVICE DE TRESORERIE ;;TA/244400/2024/4003/013;NZUZI KHONDE;4/23/24;4/23/24;4/23/27; 	3,00 ;33 %; 	357 500,00 FC ; 	127,68 FC ;;;;;;;;;;;;;
194;Armoire en Bois ;244400;MOBILIER DE BUREAU ;BUREAU DIRECTEUR FINANCIER ;;TA/244400/2024/4005/001;NZUZI KHONDE;4/23/24;4/23/24;4/23/27; 	3,00 ;33 %; 	357 500,00 FC ; 	127,68 FC ;;;;;;;;;;;;;
195;Armoire en Bois ;244400;MOBILIER DE BUREAU ;BUREAU DIRECTEUR FINANCIER ;;TA/244400/2024/4005/002;NZUZI KHONDE;4/23/24;4/23/24;4/23/27; 	3,00 ;33 %; 	357 500,00 FC ; 	127,68 FC ;;;;;;;;;;;;;
196;Armoire en Bois ;244400;MOBILIER DE BUREAU ;BUREAU DIRECTEUR FINANCIER ;;TA/244400/2024/4005/003;NZUZI KHONDE;4/23/24;4/23/24;4/23/27; 	3,00 ;33 %; 	357 500,00 FC ; 	127,68 FC ;;;;;;;;;;;;;
197;Armoire cabinet 120*40200walnut gre (armoire);244400;MOBILIER DE BUREAU ;BUREAU DIRECTEUR FINANCIER ;;TA/244400/2023/4005/004;;;;;;;; 	-      ;;;;;;;;;;;;;
198;Table Special Marque DT Staff desk 140*70*75cm-gold teak;244400;MOBILIER DE BUREAU ;BUREAU DIRECTEUR FINANCIER ;;TA/244400/2023/4005/005;;;;;;;; 	-      ;;;;;;;;;;;;;
199;Fauteuil DF Special Office chair 69*66,5*122.5 brown PU;244400;MOBILIER DE BUREAU ;BUREAU DIRECTEUR FINANCIER ;;TA/244400/2023/4005/006;;;;;;;; 	-      ;;;;;;;;;;;;;
200;Chaise bureau black (2CL=3AC) (T26);244400;MOBILIER DE BUREAU ;BUREAU DIRECTEUR FINANCIER ;;TA/244400/2023/4005/007;;;;;;;; 	-      ;;;;;;;;;;;;;
201;Chaise bureau black (2CL=3AC) (T26);244400;MOBILIER DE BUREAU ;BUREAU DIRECTEUR FINANCIER ;;TA/244400/2023/4005/008;;;;;;;; 	-      ;;;;;;;;;;;;;
202;Ordinateur Fixes HP;244200;MATERIEL INFORMATIQUE;BUREAU DIRECTEUR FINANCIER ;;TA/244200/2023/4005/009;;;;;;;; 	-      ;;;;;;;;;;;;;
;Imprimante HP Printer LJ MFP M4103FD-W;244200;MATERIEL INFORMATIQUE;BUREAU DIRECTEUR FINANCIER ;;TA/244200/2024/4005/009;ABS;12/10/24;12/10/24;;;; 	2 433 800,00 FC ; 	869,21 FC ;;;;;;;;;;;;;
203;Table Special Marque DT Staff desk 140*70*75cm-gold teak;244400;MOBILIER DE BUREAU ;BUREAU DIRECTEUR GENERAL ADJOINT ;;TA/244400/2023/0011/001;;;;;;;; 	-      ;;;;;;;;;;;;;
204;Fauteuil DGA Special Office chair 69*66,5*122.5 brown PU;244400;MOBILIER DE BUREAU ;BUREAU DIRECTEUR GENERAL ADJOINT ;;TA/244400/2023/0011/002;;;;;;;; 	-      ;;;;;;;;;;;;;
205;Chaise bureau black (2CL=3AC) (T26);244400;MOBILIER DE BUREAU ;BUREAU DIRECTEUR GENERAL ADJOINT ;;TA/244400/2023/0011/003;;;;;;;; 	-      ;;;;;;;;;;;;;
206;Chaise bureau black (2CL=3AC) (T26);244400;MOBILIER DE BUREAU ;BUREAU DIRECTEUR GENERAL ADJOINT ;;TA/244400/2023/0011/004;;;;;;;; 	-      ;;;;;;;;;;;;;
207;Armoire cabinet 120*40200walnut gre (armoire);244400;MOBILIER DE BUREAU ;BUREAU DIRECTEUR GENERAL ADJOINT ;;TA/244400/2023/0011/005;;;;;;;; 	-      ;;;;;;;;;;;;;
208;Ordinateur Fixes HP;244200;MATERIEL INFORMATIQUE;BUREAU DIRECTEUR GENERAL ADJOINT ;;TA/244200/2023/0011/006;;;;;;;; 	-      ;;;;;;;;;;;;;
209;Ordinateur Portable ;244200;MATERIEL INFORMATIQUE;BUREAU DIRECTEUR GENERAL ADJOINT ;;TA/244200/2023/0011/007;;;;;;;; 	-      ;;;;;;;;;;;;;
210;Armoire cabinet 120*40200walnut gre (armoire);244400;MOBILIER DE BUREAU ;BUREAU DIRECTEUR RESSOURCES HUMAINES ;;TA/244400/2023/3006/001;;;;;;;; 	-      ;;;;;;;;;;;;;
211;Table Special Marque DT Staff desk 140*70*75cm-gold teak;244400;MOBILIER DE BUREAU ;BUREAU DIRECTEUR RESSOURCES HUMAINES ;;TA/244400/2023/3006/002;;;;;;;; 	-      ;;;;;;;;;;;;;
212;Ordinateur Fixes HP;244200;MATERIEL INFORMATIQUE;BUREAU DIRECTEUR RESSOURCES HUMAINES ;;TA/244200/2023/3006/003;;;;;;;; 	-      ;;;;;;;;;;;;;
213;Ordinateur Portable ;244200;MATERIEL INFORMATIQUE;BUREAU DIRECTEUR RESSOURCES HUMAINES ;;TA/244200/2023/3006/004;;;;;;;; 	-      ;;;;;;;;;;;;;
214;Fauteuil DGA Special Office chair 69*66,5*122.5 brown PU;244400;MOBILIER DE BUREAU ;BUREAU DIRECTEUR RESSOURCES HUMAINES ;;TA/244400/2023/3006/005;;;;;;;; 	-      ;;;;;;;;;;;;;
215;Chaise bureau black (2CL=3AC) (T26);244400;MOBILIER DE BUREAU ;BUREAU DIRECTEUR RESSOURCES HUMAINES ;;TA/244400/2023/3006/006;;;;;;;; 	-      ;;;;;;;;;;;;;
216;Chaise bureau black (2CL=3AC) (T26);244400;MOBILIER DE BUREAU ;BUREAU DIRECTEUR RESSOURCES HUMAINES ;;TA/244400/2023/3006/007;;;;;;;; 	-      ;;;;;;;;;;;;;
217;Grande table de reunion Declassé;244400;MOBILIER DE BUREAU ;BUREAU IGF ;;TA/244400/2023/0012/001;;;;;;;; 	-      ;;;;;;;;;;;;;
218;Chaise bureau black (2CL=3AC) (T26) Declassé;244400;MOBILIER DE BUREAU ;BUREAU IGF ;;TA/244400/2023/0012/002;;;;;;;; 	-      ;;;;;;;;;;;;;
219;Chaise bureau black (2CL=3AC) (T26) Declassé;244400;MOBILIER DE BUREAU ;BUREAU IGF ;;TA/244400/2023/0012/003;;;;;;;; 	-      ;;;;;;;;;;;;;
220;Armoire en Bois ;244400;MOBILIER DE BUREAU ;BUREAU IGF ;;TA/244400/2023/0012/004;;;;;;;; 	-      ;;;;;;;;;;;;;
221;Armoire en Bois ;244400;MOBILIER DE BUREAU ;BUREAU IGF ;;TA/244400/2023/0012/005;;;;;;;; 	-      ;;;;;;;;;;;;;
222;Armoire en Bois ;244400;MOBILIER DE BUREAU ;BUREAU IGF ;;TA/244400/2023/0012/006;;;;;;;; 	-      ;;;;;;;;;;;;;
223;Table Noir Declassé;244400;MOBILIER DE BUREAU ;BUREAU IGF ;;TA/244400/2023/0012/007;;;;;;;; 	-      ;;;;;;;;;;;;;
224;Table Noir;244400;MOBILIER DE BUREAU ;ETUDE ET PROGET ;;TA/244400/2024/2004/001;HORS BUSINESS;10/3/24;10/3/24;10/3/27; 	3,00 ;; 	464 000,00 FC ; 	165,71 FC ;;;;;;;;;;;;;
225;Table Noir;244400;MOBILIER DE BUREAU ;ETUDE ET PROGET ;;TA/244400/2024/2004/002;HORS BUSINESS;10/3/24;10/3/24;10/3/27; 	3,00 ;; 	464 000,00 FC ; 	165,71 FC ;;;;;;;;;;;;;
226;Table Noir;244400;MOBILIER DE BUREAU ;ETUDE ET PROGET ;;TA/244400/2024/2004/003;HORS BUSINESS;10/3/24;10/3/24;10/3/27; 	3,00 ;; 	464 000,00 FC ; 	165,71 FC ;;;;;;;;;;;;;
227;Chaise bureau black (2CL=3AC) (T26);244400;MOBILIER DE BUREAU ;ETUDE ET PROGET ;;TA/244400/2024/2004/004;HORS BUSINESS;10/3/24;10/3/24;10/3/27; 	3,00 ;; 	275 500,00 FC ; 	98,39 FC ;;;;;;;;;;;;;
228;Chaise bureau black (2CL=3AC) (T26);244400;MOBILIER DE BUREAU ;ETUDE ET PROGET ;;TA/244400/2024/2004/005;HORS BUSINESS;10/3/24;10/3/24;10/3/27; 	3,00 ;; 	275 500,00 FC ; 	98,39 FC ;;;;;;;;;;;;;
229;Chaise bureau black (2CL=3AC) (T26);244400;MOBILIER DE BUREAU ;ETUDE ET PROGET ;;TA/244400/2024/2004/006;HORS BUSINESS;10/3/24;10/3/24;10/3/27; 	3,00 ;; 	275 500,00 FC ; 	98,39 FC ;;;;;;;;;;;;;
230;Ordinateur Fixes HP;244200;MATERIEL INFORMATIQUE;ETUDE ET PROGET ;;TA/244200/2023/2004/007;;;;;;;; 	-      ;;;;;;;;;;;;;
231;Bureau Partition 2 Seat 240 CM WHM;244400;MOBILIER DE BUREAU ;OPERATION ADMINISTRATION ;;TA/244400/2023/2001/001;;;;;;;; 	-      ;;;;;;;;;;;;;
232;Ordinateur Fixes HP;244200;MATERIEL INFORMATIQUE;OPERATION ADMINISTRATION ;;TA/244200/2023/2001/002;;;;;;;; 	-      ;;;;;;;;;;;;;
233;Ordinateur Fixes HP;244200;MATERIEL INFORMATIQUE;OPERATION ADMINISTRATION ;;TA/244200/2023/2001/003;;;;;;;; 	-      ;;;;;;;;;;;;;
234;Ecran LG 52 Pouces ;244200;MATERIEL INFORMATIQUE;OPERATION ADMINISTRATION ;;TA/244200/2023/2001/004;;;;;;;; 	-      ;;;;;;;;;;;;;
235;Chaise bureau black (2CL=3AC) (T26);244400;MOBILIER DE BUREAU ;OPERATION ADMINISTRATION ;;TA/244400/2023/2001/005;;;;;;;; 	-      ;;;;;;;;;;;;;
236;Chaise bureau black (2CL=3AC) (T26);244400;MOBILIER DE BUREAU ;OPERATION ADMINISTRATION ;;TA/244400/2023/2001/006;;;;;;;; 	-      ;;;;;;;;;;;;;
237;Chaise bureau black (2CL=3AC) (T26);244400;MOBILIER DE BUREAU ;OPERATION ADMINISTRATION ;;TA/244400/2023/2001/007;;;;;;;; 	-      ;;;;;;;;;;;;;
238;Ondulleur/ KIWI;244200;MATERIEL INFORMATIQUE;OPERATION ADMINISTRATION ;;TA/244200/2023/2001/008;;;;;;;; 	-      ;;;;;;;;;;;;;
239;Bureau Partition 4 Seat 240 CM WHM;244400;MOBILIER DE BUREAU ;SEC DIR TECHNIQUE ET D OPERATION ;;TA/244400/2023/2001/001;;;;;;;; 	-      ;;;;;;;;;;;;;
240;Chaise bureau black (2CL=3AC) (T26);244400;MOBILIER DE BUREAU ;SEC DIR TECHNIQUE ET D OPERATION ;;TA/244400/2023/2001/002;;;;;;;; 	-      ;;;;;;;;;;;;;
241;Chaise bureau black (2CL=3AC) (T26);244400;MOBILIER DE BUREAU ;SEC DIR TECHNIQUE ET D OPERATION ;;TA/244400/2023/2001/003;;;;;;;; 	-      ;;;;;;;;;;;;;
242;Chaise bureau black (2CL=3AC) (T26);244400;MOBILIER DE BUREAU ;SEC DIR TECHNIQUE ET D OPERATION ;;TA/244400/2023/2001/004;;;;;;;; 	-      ;;;;;;;;;;;;;
243;Chaise bureau black (2CL=3AC) (T26);244400;MOBILIER DE BUREAU ;SEC DIR TECHNIQUE ET D OPERATION ;;TA/244400/2023/2001/005;;;;;;;; 	-      ;;;;;;;;;;;;;
244;Imprimantes Hp 202;244200;MATERIEL INFORMATIQUE;SEC DIR TECHNIQUE ET D OPERATION ;;TA/244200/2023/2001/006;Kiya Informatique;6/12/23;6/12/23;6/12/26; 	3,00 ;0,03; 	828 000,00 FC ; 	295,71 FC ;;;;;;;;;;;;;
245;Ordinateur Fixes HP;244200;MATERIEL INFORMATIQUE;SEC DIR TECHNIQUE ET D OPERATION ;;TA/244200/2023/2001/007;;;;;;;; 	-      ;;;;;;;;;;;;;
246;Ordinateur Fixes HP;244200;MATERIEL INFORMATIQUE;SEC DIR TECHNIQUE ET D OPERATION ;;TA/244200/2023/2001/008;;;;;;;; 	-      ;;;;;;;;;;;;;
247;Ordinateur Portables HP;244200;MATERIEL INFORMATIQUE;SEC DIR TECHNIQUE ET D OPERATION ;;TA/244200/2023/2001/009;;;;;;;; 	-      ;;;;;;;;;;;;;
248;;;;;;;;;;;;;; 	-      ;;;;;;;;;;;;;
249;Bureau Partition 2 Seat 240 CM WHM;244400;MOBILIER DE BUREAU ;SERVICE JURIDIQUE ET AUDIT ;;TA/244400/2023/0006/001;;;;;;;; 	-      ;;;;;;;;;;;;;
250;Chaise bureau black (2CL=3AC) (T26);244400;MOBILIER DE BUREAU ;SERVICE JURIDIQUE ET AUDIT ;;TA/244400/2023/0006/002;;;;;;;; 	-      ;;;;;;;;;;;;;
251;Chaise bureau black (2CL=3AC) (T26);244400;MOBILIER DE BUREAU ;SERVICE JURIDIQUE ET AUDIT ;;TA/244400/2023/0006/003;;;;;;;; 	-      ;;;;;;;;;;;;;
252;Chaise bureau black (2CL=3AC) (T26);244400;MOBILIER DE BUREAU ;SERVICE JURIDIQUE ET AUDIT ;;TA/244400/2023/0006/004;;;;;;;; 	-      ;;;;;;;;;;;;;
253;Chaise bureau black (2CL=3AC) (T26);244400;MOBILIER DE BUREAU ;SERVICE JURIDIQUE ET AUDIT ;;TA/244400/2023/0006/005;;;;;;;; 	-      ;;;;;;;;;;;;;
254;Chaise bureau black (2CL=3AC) (T26);244400;MOBILIER DE BUREAU ;SERVICE JURIDIQUE ET AUDIT ;;TA/244400/2023/0006/006;;;;;;;; 	-      ;;;;;;;;;;;;;
255;Table Noir;244400;MOBILIER DE BUREAU ;SERVICE JURIDIQUE ET AUDIT ;;TA/244400/2023/0006/007;;;;;;;; 	-      ;;;;;;;;;;;;;
256;Table Noir;244400;MOBILIER DE BUREAU ;SERVICE JURIDIQUE ET AUDIT ;;TA/244400/2023/0006/008;;;;;;;; 	-      ;;;;;;;;;;;;;
257;Ordinateur LENOVO;244200;MATERIEL INFORMATIQUE;SERVICE JURIDIQUE ET AUDIT ;;TA/244200/2023/0006/009;;;;;;;; 	-      ;;;;;;;;;;;;;
258;Ordinateur HP;244200;MATERIEL INFORMATIQUE;SERVICE JURIDIQUE ET AUDIT ;;TA/244200/2023/0006/010;;;;;;;; 	-      ;;;;;;;;;;;;;
259;Ordinateur HP;244200;MATERIEL INFORMATIQUE;SERVICE JURIDIQUE ET AUDIT ;;TA/244200/2023/0006/011;;;;;;;; 	-      ;;;;;;;;;;;;;
260;HP printerLj MFP M4103FDW;244200;MATERIEL INFORMATIQUE;SERVICE JURIDIQUE ET AUDIT ;;TA/244200/2024/0006/012;;12/19/24;12/19/24;;;; 	2 433 800,00 FC ; 	869,21 FC ;;;;;;;;;;;;;
261;Ordinateur HP;244200;MATERIEL INFORMATIQUE;BILLETIQUE ;;TA/244200/2023/0006/012;;;;;;;; 	-      ;;;;;;;;;;;;;
262;Ordinateur HP;244200;MATERIEL INFORMATIQUE;BILLETIQUE ;;TA/244200/2023/0006/013;;;;;;;; 	-      ;;;;;;;;;;;;;
263;SUMI V2 PRO ZIRELESS DATA POS;244200;MATERIEL INFORMATIQUE;INFORMATIQUE;;TA/244200/2024/0005/024;ABS;8/3/24;8/3/24;8/3/29; 	3,00 ;0,03; 	1 368 000,00 FC ; 	488,57 FC ;;;;;;;;;;;;;
264;SUMI V2 PRO ZIRELESS DATA POS;244200;MATERIEL INFORMATIQUE;INFORMATIQUE;;TA/244200/2024/0005/025;ABS;8/3/24;8/3/23;8/3/27; 3,00 ;0,03; 	1 368 000,00 FC ; 	488,57 FC ;;;;;;;;;;;;;
265;Column1;Column2;Column3;INFORMATIQUE;Colonne2;TA/244200/2024/0005/024;Column6;Column7;Column8;Column9;Column10;Column11;Column12;;;;;;;;;;;;;;
266;SUMI V2 PRO ZIRELESS DATA POS;244200;MATERIEL INFORMATIQUE;INFORMATIQUE;;TA/244200/2024/0005/026;ABS;8/3/24;8/3/24;8/3/27; 	3,00 ;0,03; 	1 368 000,00 FC ; 	488,57 FC ;;;2800;;;;;;;;;;
267;SUMI V2 PRO ZIRELESS DATA POS;244200;MATERIEL INFORMATIQUE;INFORMATIQUE;;TA/244200/2024/0005/027;ABS;8/3/24;8/3/24;8/3/27; 	3,00 ;0,03; 	1 368 000,00 FC ; 	488,57 FC ;;;;;;;;;;;;;
268;SUMI V2 PRO ZIRELESS DATA POS;244200;MATERIEL INFORMATIQUE;INFORMATIQUE;;TA/244200/2024/0005/028;ABS;8/3/24;8/3/24;8/3/27; 	3,00 ;0,03; 	1 368 000,00 FC ; 	488,57 FC ;;;;;;;;;;;;;
269;SUMI V2 PRO ZIRELESS DATA POS;244200;MATERIEL INFORMATIQUE;INFORMATIQUE;;TA/244200/2024/0005/029;ABS;8/3/24;8/3/24;8/3/27; 	3,00 ;0,03; 	1 368 000,00 FC ; 	488,57 FC ;;;;;;;;;;;;;
270;SUMI V2 PRO ZIRELESS DATA POS;244200;MATERIEL INFORMATIQUE;INFORMATIQUE;;TA/244200/2024/0005/030;ABS;8/3/24;8/3/24;8/3/27; 	3,00 ;0,03; 	1 368 000,00 FC ; 	488,57 FC ;;;;;;;;;;;;;
271;SUMI V2 PRO ZIRELESS DATA POS;244200;MATERIEL INFORMATIQUE;INFORMATIQUE;;TA/244200/2024/0005/031;ABS;8/3/24;8/3/24;8/3/27; 	3,00 ;0,03; 	1 368 000,00 FC ; 	488,57 FC ;;;;;;;;;;;;;
272;SUMI V2 PRO ZIRELESS DATA POS;244200;MATERIEL INFORMATIQUE;INFORMATIQUE;;TA/244200/2024/0005/032;ABS;8/3/24;8/3/24;8/3/27; 	3,00 ;0,03; 	1 368 000,00 FC ; 	488,57 FC ;;;;;;;;;;;;;
273;SUMI V2 PRO ZIRELESS DATA POS;244200;MATERIEL INFORMATIQUE;INFORMATIQUE;;TA/244200/2024/0005/033;ABS;8/3/24;8/3/24;8/3/27; 	3,00 ;0,03; 	1 368 000,00 FC ; 	488,57 FC ;;;;;;;;;;;;;
274;ZOOM HANDY RECOVER ;244200;MATERIEL INFORMATIQUE;INFORMATIQUE;;TA/244200/2024/0005/034;ABS;8/3/24;8/3/24;8/3/27; 	3,00 ;0,03; 	1 368 000,00 FC ; 	488,57 FC ;;;;;;;;;;;;;
275;ZOOM HANDY RECOVER ;244200;MATERIEL INFORMATIQUE;INFORMATIQUE;;TA/244200/2024/0005/035;ABS;8/3/24;8/3/24;8/3/27; 	3,00 ;0,03; 	769 500,00 FC ; 	274,82 FC ;;;;;;;;;;;;;
276;GODOX KIT TTL V1;244200;MATERIEL INFORMATIQUE;INFORMATIQUE;;TA/244200/2024/0005/036;ABS;8/3/24;8/3/24;8/3/27; 	3,00 ;0,03; 	1 026 000,00 FC ; 	366,43 FC ;;;;;;;;;;;;;
277;WIRELESS PRO COMPACT MIVROPHONE ;244200;MATERIEL INFORMATIQUE;INFORMATIQUE;;TA/244200/2024/0005/037;ABS;8/3/24;8/3/24;8/3/27; 	3,00 ;0,03; 	2 223 000,00 FC ; 	793,93 FC ;;;;;;;;;;;;;
278;WIRELESS PRO COMPACT MIVROPHONE ;244200;MATERIEL INFORMATIQUE;INFORMATIQUE;;TA/244200/2024/0005/038;ABS;8/3/24;8/3/24;8/3/27; 	3,00 ;0,03; 	2 223 000,00 FC ; 	793,93 FC ;;;;;;;;;;;;;
279;FIREWAY M40;244200;MATERIEL INFORMATIQUE;INFORMATIQUE;;TA/244200/2024/0005/039;ABS;8/3/24;8/3/24;8/3/27; 	3,00 ;0,03; 	541 500,00 FC ; 	193,39 FC ;;;;;;;;;;;;;
280;SUPPORT PROFESSIONNEL POUR CAMERA;244200;MATERIEL INFORMATIQUE;INFORMATIQUE;;TA/244200/2024/0005/040;ABS;8/3/24;8/3/24;8/3/27; 	3,00 ;0,03; 	3 847 500,00 FC ; 	1 374,11 FC ;;;;;;;;;;;;;
281;LAPTOP HP PROBOOK 450G10 15,6 FHD INTEL CORE 7;244200;MATERIEL INFORMATIQUE;Services Generaux ;;TA/244200/2024/3005/016;ABS;11/4/24;;; 	3,00 ;0,03; 	2 830 000,00 FC ; 	1 010,71 FC ;950;2830; 	2 688 500,00 ;;;;;;;;;;
282;LAPTOP HP PROBOOK 450G10 15,6 FHD INTEL CORE 7;244200;MATERIEL INFORMATIQUE;Services Generaux ;;TA/244200/2024/3005/017;ABS;11/4/24;;; 	3,00 ;0,03; 	2 830 000,00 FC ; 	1 010,71 FC ;;;;;;;;;;;;;
283;LAPTOP HP PROBOOK 450G10 15,6 FHD INTEL CORE 7;244200;MATERIEL INFORMATIQUE;PASSATION DE MARCHE;;TA/244400/2025/0009/007;ABS;11/4/24;;; 	3,00 ;0,03; 	2 830 000,00 FC ; 	1 010,71 FC ;;;;;;;;;;;;;
284;LAPTOP HP PROBOOK 450G10 15,6 FHD INTEL CORE 7;244200;MATERIEL INFORMATIQUE;BUREAU DU CHEF DU PERSONNEL ;;TA/244400/2025/3002/022;ABS;11/4/24;;; 	3,00 ;0,03; 	2 830 000,00 FC ; 	1 010,71 FC ;;;;;;;;;;;;;
285;LAPTOP HP PROBOOK 450G10 15,6 FHD INTEL CORE 7;244200;MATERIEL INFORMATIQUE;BUREAU DU SECRETAIRE DG;;TA/244200/2025/0002/030;ABS;11/4/24;;; 	3,00 ;0,03; 	2 830 000,00 FC ; 	1 010,71 FC ;;;;;;;;;;;;;
286;IMPRIMANTE MULTIFONCTION HP LASERJET COULEUR PRO MFP M479FDW;244200;MATERIEL INFORMATIQUE;BUREAU DU CHEF DU PERSONNEL ;;TA/244200/2025/3002/023;ABS;11/4/24;;; 	3,00 ;0,03; 	2 688 500,00 FC ; 	960,18 FC ;;;;;;;;;;;;;
287;IMPRIMANTE MULTIFONCTION HP LASERJET COULEUR PRO MFP M479FDW;244200;MATERIEL INFORMATIQUE;BUREAU DU CHEF DU PERSONNEL ;;TA/244200/2025/3002/024;ABS;11/4/24;;; 	3,00 ;0,03; 	2 688 500,00 FC ; 	960,18 FC ;;;;;;;;;;;;;
288;HP pavillon 15,6 Touch Intel CI7 16GB 512 GB WIN11;244200;MATERIEL INFORMATIQUE;Services Generaux ;;TA/244200/2025/3005/018;ABS;12/10/24;12/10/24;;;; 	2 830 000,00 FC ; 	1 010,71 FC ;;;;;;;;;;;;;
289;HP pavillon 15,6 Touch Intel CI7 16GB 512 GB WIN11;244200;MATERIEL INFORMATIQUE;TRESORERIE;;TA/244200/2025/4003/014;ABS;12/10/24;12/10/24;;;; 	2 830 000,00 FC ; 	1 010,71 FC ;;;;;;;;;;;;;
290;HP pavillon 15,6 Touch Intel CI7 16GB 512 GB WIN11;244200;MATERIEL INFORMATIQUE;Etude et Develloppement ;;TA/244400/2025/2004/008;ABS;12/10/24;12/10/24;;;; 	2 830 000,00 FC ; 	1 010,71 FC ;;;;;;;;;;;;;
291;HP pavillon 15,6 Touch Intel CI7 16GB 512 GB WIN11;244200;MATERIEL INFORMATIQUE;Reseau connexes ;;TA/244200/2025/2001/009;ABS;12/10/24;12/10/24;;;; 	2 830 000,00 FC ; 	1 010,71 FC ;;;;;;;;;;;;;
292;HP pavillon 15,6 Touch Intel CI7 16GB 512 GB WIN11;244200;MATERIEL INFORMATIQUE;Depot ;;TA/244200/2025/2001/010;ABS;12/10/24;12/10/24;;;; 	2 830 000,00 FC ; 	1 010,71 FC ;;;;;;;;;;;;;
293;HP pavillon 15,6 Touch Intel CI7 16GB 512 GB WIN11;244200;MATERIEL INFORMATIQUE;Departement Technique /Depot ;;TA/244200/2025/2001/011;ABS;12/10/24;12/10/24;;;; 	2 830 000,00 FC ; 	1 010,71 FC ;;;;;;;;;;;;;
294;HP pavillon 15,6 Touch Intel CI7 16GB 512 GB WIN11;244200;MATERIEL INFORMATIQUE;Reseau Academique;;TA/244200/2025/2001/012;ABS;12/10/24;12/10/24;;;; 	2 830 000,00 FC ; 	1 010,71 FC ;;;;;;;;;;;;;
295;HP pavillon 15,6 Touch Intel CI7 16GB 512 GB WIN11;244200;MATERIEL INFORMATIQUE;Secretariat DF;;TA/244200/2025/4001/001;ABS;12/10/24;12/10/24;;;; 	2 830 000,00 FC ; 	1 010,71 FC ;;;;;;;;;;;;;
296;HP pavillon 15,6 Touch Intel CI7 16GB 512 GB WIN11;244200;MATERIEL INFORMATIQUE;PASSATION DE MARCHE;;TA/244400/2025/0009/008;ABS;12/10/24;12/10/24;;;; 	2 830 000,00 FC ; 	1 010,71 FC ;;;;;;;;;;;;;
297;HP pavillon 15,6 Touch Intel CI7 16GB 512 GB WIN11;244200;MATERIEL INFORMATIQUE;PASSATION DE MARCHE;;TA/244400/2025/0009/009;ABS;12/10/24;12/10/24;;;; 	2 830 000,00 FC ; 	1 010,71 FC ;;;;;;;;;;;;;
298;HP pavillon 15,6 Touch Intel CI7 16GB 512 GB WIN11;244200;MATERIEL INFORMATIQUE;SECRETARIAT AP;;TA/244200/2025/0002/032;ABS;12/10/24;12/10/24;;;; 	2 830 000,00 FC ; 	1 010,71 FC ;;;;;;;;;;;;;
299;HP pavillon 15,6 Touch Intel CI7 16GB 512 GB WIN11;244200;MATERIEL INFORMATIQUE;ETUDE ET PLANIFICATION;;TA/244400/2025/2004/009;ABS;12/10/24;12/10/24;;;; 	2 830 000,00 FC ; 	1 010,71 FC ;;;;;;;;;;;;;
300;HP pavillon 15,6 Touch Intel CI7 16GB 512 GB WIN11;244200;MATERIEL INFORMATIQUE;COMPTABILITE;;TA/244200/2025/4002/019;ABS;12/10/24;12/10/24;;;; 	2 830 000,00 FC ; 	1 010,71 FC ;;;;;;;;;;;;;
301;HP pavillon 15,6 Touch Intel CI7 16GB 512 GB WIN11;244200;MATERIEL INFORMATIQUE;COMPTABILITE;;TA/244200/2025/4002/020;ABS;12/10/24;12/10/24;;;; 	2 830 000,00 FC ; 	1 010,71 FC ;;;;;;;;;;;;;
302;HP pavillon 15,6 Touch Intel CI7 16GB 512 GB WIN11;244200;MATERIEL INFORMATIQUE;secretariat DG;;TA/244200/2025/0002/031;ABS;12/10/24;12/10/24;;;; 	2 830 000,00 FC ; 	1 010,71 FC ;;;;;;;;;;;;;
303;;;;;;;;;;;;;;;;;;;;;;;;;;;
304;;;;;;;;;;;;;;;;;;;;;;;;;;;
305;IMPRIMANTE HP PRINTER LJ MFP M4103FDW;244200;MATERIEL INFORMATIQUE;Non dispatcher ;;TA/244200/2025/0002/032;ABS;11/4/24;;; 	3,00 ;0,03;; 	-      ;;;;;;;;;;;;;
306;IMPRIMANTE HP PRINTER LJ MFP M4103FDW;244200;MATERIEL INFORMATIQUE;Non dispatcher ;;TA/244200/2025/2001/013;ABS;11/4/24;;; 	3,00 ;0,03;; 	-      ;;;;;;;;;;;;;
307;Split Ocean 12000 BTU;244400;MATERIEL DE BUREAU;BUREAU AP;;TA/244200/2025/0001/005;IMPEX;11/8/24;;; 	3,00 ;0,03; 	1 052 650,00 FC ; 	375,95 FC ;;;;;;;;;;;;;
308;Table separateur ;244400;MATERIEL DE BUREAU;Bureau Accueil reception;;;Hors Business;4/1/25;4/1/25;; 	3,00 ;0,03; 	1 160 000,00 FC ; 	414,29 FC ;;;;;;;;;;;;;
309;Table de Bureau 1,40 m;244400;MATERIEL DE BUREAU;BUREAU  CHEF COMPTABLE ET Fiscalite;;TA/244400/2025/4002/021;Hors Business;4/1/25;4/1/25;; 	3,00 ;0,03; 	435 000,00 FC ; 	155,36 FC ;;;;;;;;;;;;;
310;Chaises de Bureau ;244400;MATERIEL DE BUREAU;BUREAU  CHEF COMPTABLE ET Fiscalite;;TA/244400/2025/4002/022;Hors Business;4/1/25;4/1/25;; 	3,00 ;; 	435 000,00 FC ;;;;;;;;;;;;;;
311;Chaises de Bureau ;244400;MATERIEL DE BUREAU;BUREAU  CHEF COMPTABLE ET Fiscalite;;TA/244400/2025/4002/023;Hors Business;4/1/25;4/1/25;; 	3,00 ;; 	435 000,00 FC ;;;;;;;;;;;;;;
312;Chaises de Bureau ;244400;MATERIEL DE BUREAU;BUREAU  CHEF COMPTABLE ET Fiscalite;;TA/244400/2025/4002/024;Hors Business;4/1/25;4/1/25;; 	3,00 ;; 	435 000,00 FC ;;;;;;;;;;;;;;
313;laptop Otras ;244200;MATERIEL INFORMATIQUE;Sec DG;;TA/244200/2025/0001/006;Otras;4/30/25;;;;; 	3 744 000,00 ;;;;;;;;;;;;;;
314;laptop Otras ;244200;MATERIEL INFORMATIQUE;Directeur Financier;;TA/244200/2025/4002/021;Otras;4/30/25;;;;; 	3 744 000,00 ;;;;;;;;;;;;;;
315;Poste a Souder ;;;Materiel industriel;;;ip Congo;;;;;;;;;;;;;;;;;;;;
316;Camera IP BULLET ULTRA 4K 8 Mps 3,6 MM;244200;;ENTREE;;TA/244200/2025/3005/019;ip Congo;;;;;; 	1 920 670,63 ;;;;;;;;;;;;;;
317;Camera IP BULLET ULTRA 4K 8 Mps 3,6 MM;244200;;PARKING;;TA/244200/2025/3005/020;ip Congo;;;;;; 	1 920 670,63 ;;;;;;;;;;;;;;
318;Camera IP BULLET ULTRA 4K 8 Mps 2,8 MM IR30;244200;;COULOIR DG;;TA/244200/2025/3005/021;ip Congo;;;;;; 	753 204,17 ;;;;;;;;;;;;;;
319;Camera IP BULLET ULTRA 4K 8 Mps 2,8 MM IR30;244200;;COULOIR DGA;;TA/244200/2025/3005/022;ip Congo;;;;;; 	753 204,17 ;;;;;;;;;;;;;;
320;Camera IP BULLET ULTRA 4K 8 Mps 2,8 MM IR30;244200;;COULOIR RH;;TA/244200/2025/3005/023;ip Congo;;;;;; 	753 204,17 ;;;;;;;;;;;;;;
321;Camera IP BULLET ULTRA 4K 8 Mps 2,8 MM IR30;244200;;CAISSE;;TA/244200/2025/3005/024;ip Congo;;;;;; 	753 204,17 ;;;;;;;;;;;;;;
322;Camera IP BULLET ULTRA 4K 8 Mps 2,8 MM IR30;244200;;SALLE DE FORMATION;;TA/244200/2025/3005/025;ip Congo;;;;;; 	753 204,17 ;;;;;;;;;;;;;;
323;Camera IP BULLET ULTRA 4K 8 Mps 2,8 MM IR30;244200;;ZONE ESCALIER;;TA/244200/2025/3005/026;ip Congo;;;;;; 	753 204,17 ;;;;;;;;;;;;;;
324;Camera IP BULLET ULTRA 4K 8 Mps 2,8 MM IR30;244200;;ZONE ESCALIER;;TA/244200/2025/3005/027;ip Congo;;;;;; 	753 204,17 ;;;;;;;;;;;;;;
325;Camera IP MINI DOME 5MPBS 2,8 MM;244200;;Salle de Reunion;;TA/244200/2025/3005/028;ip Congo;;;;;; 	1 280 447,08 ;;;;;;;;;;;;;;
326;Camera IP BULLET  4K Mps FULL COLORS 2,8 MM;244200;;Exterrieur batiment;;TA/244200/2025/3005/029;ip Congo;;;;;; 	753 204,17 ;;;;;;;;;;;;;;
327;Camera IP BULLET  4K Mps FULL COLORS 2,8 MM;244200;;Exterrieur batiment;;TA/244200/2025/3005/030;ip Congo;;;;;; 	753 204,17 ;;;;;;;;;;;;;;
328;Camera IP BULLET  4K Mps FULL COLORS 2,8 MM;244200;;Exterrieur batiment;;TA/244200/2025/3005/031;ip Congo;;;;;; 	753 204,17 ;;;;;;;;;;;;;;
329;CLOISONNEMENT ;235800;Amenagement et Traveaux ;Amenagement Bureau sec et Salle de reunion +3 Bureau;;;New TEC Construction ;1/9/25;1/9/30;; 	5,00 ;; 	31 534 986,00 ;;;;;;;;;;;;;;
330;Develloppement TAC KISALU;219100;Logiciel immo en cours;TAC;;;TAC;;;;;; 	5 780 000,00 ;;;;;;;;;;;;;;
331;Chaise Bureau B 5003;244400;;Voir SG;;;neuvieme heure business;;;;;; 	344 400,00 ;;;;;;;;;;;;;;Acodifier apres inventaire 
332;Chaise Bureau B 5003;244400;;Voir SG;;;neuvieme heure business;;;;;; 	344 400,00 ;;;;;;;;;;;;;;Acodifier apres inventaire 
333;Chaise Bureau B 5003;244400;;Voir SG;;;neuvieme heure business;;;;;; 	344 400,00 ;;;;;;;;;;;;;;Acodifier apres inventaire 
334;Chaise Bureau B 5003;244400;;Voir SG;;;neuvieme heure business;;;;;; 	344 400,00 ;;;;;;;;;;;;;;Acodifier apres inventaire 
335;Chaise Bureau B 5003;244400;;Voir SG;;;neuvieme heure business;;;;;; 	344 400,00 ;;;;;;;;;;;;;;Acodifier apres inventaire 
336;Chaise Bureau B 5003;244400;;Voir SG;;;neuvieme heure business;;;;;; 	344 400,00 ;;;;;;;;;;;;;;Acodifier apres inventaire 
337;Table B 1M20;244400;;Voir SG;;;neuvieme heure business;;;;;; 	344 400,00 ;;;;;;;;;;;;;;Acodifier apres inventaire 
338;Table B 1M20;244400;;Voir SG;;;neuvieme heure business;;;;;; 	344 400,00 ;;;;;;;;;;;;;;Acodifier apres inventaire 
339;Armoire en Bois ;244400;MATERIEL DE BUREAU;Services Generaux ;;TA/244400/2025/3005/032;sita Zola;6/17/25;;;;; 	430 500,00 ;;;;;;;;;;;;;;
340;Armoire en Bois ;244400;MATERIEL DE BUREAU;Services Generaux ;;TA/244400/2025/3005/033;sita Zola;6/17/25;;;;; 	430 500,00 ;;;;;;;;;;;;;;
341;Armoire en Bois ;244400;MATERIEL DE BUREAU;Services Generaux ;;TA/244400/2025/3005/034;sita Zola;6/17/25;;;;; 	430 500,00 ;;;;;;;;;;;;;;
342;Coffre fort 620x440x497 cm /color;244400;MATERIEL DE BUREAU;Agence Kikwiti;;;orca ;10/11/25;;;;; 	1 527 000,00 ;;;;;;;;;;;;;;
343;;;;;;;;;;;;; 	1 527 000,00 ;;;;;;;;;;;;;;
344;;;;;;;;;;;;; 	1 527 000,00 ;;;;;;;;;;;;;;
345;Mac book imac M4 16GB RAM 512 GB SSD;244200;MATERIEL INFORMATIQUE;COMMUNICATION;;TA/244200/2025/0007/025;Congo phone RDC;10/13/25;;;;; 	4 700 000,00 ;;;;;;;;;;;;;;
346;Frigo;244400;MATERIEL DE BUREAU;Bureau DG;;TA/244400/2025/0010/010;Hors Business;1/10/25;;;;; 	493 000,00 ;;;;;;;;;;;;;;
347;Frigo;244400;MATERIEL DE BUREAU;Bureau DGA;;TA/244400/2025/0010/011;Hors Business;1/10/25;;;;; 	493 000,00 ;;;;;;;;;;;;;;
348;Table de Bureau 2400x1960x750 CM;244400;MATERIEL DE BUREAU;Bureau Directeur des Operation ;;TA/244400/2025/2001/009;Orca;2/6/25;;;;; 	2 925 000,00 ;;;;;;;;;;;;;;Acodifier apres inventaire 
349;Chaise Bureau Luxe / Roulette;244400;MATERIEL DE BUREAU;Bureau Assistant Financier ;;TA/244400/2025/0002/031;Hors Business;1/24/25;;;;; 	1 305 000,00 ;;;;;;;;;;;;;;Acodifier apres inventaire 
350;Table Bureau ;244400;MATERIEL DE BUREAU;Bureau Assistant Financier ;;TA/244400/2025/0002/032;Hors Business;1/24/25;;;;; 	725 000,00 ;;;;;;;;;;;;;;Acodifier apres inventaire 
351;Chaises Visiteur ;244400;MATERIEL DE BUREAU;Bureau Assistant Financier ;;TA/244400/2025/0002/033;Hors Business;1/24/25;;;;; 	261 000,00 ;;;;;;;;;;;;;;Acodifier apres inventaire 
352;Chaises Visiteur ;244400;MATERIEL DE BUREAU;Bureau Assistant Financier ;;TA/244400/2025/0002/034;Hors Business;1/24/25;;;;; 	261 000,00 ;;;;;;;;;;;;;;Acodifier apres inventaire 
353;Tablette Samsung ;244200;MATERIEL INFORMATIQUE;Direction des Operations;;TA/244200/2025/2001/010;Balamba Group;11/3/25;;;;; 	550 000,00 ;;;;;;;;;;;;;;Acodifier apres inventaire 
354;Tablette Samsung;244200;MATERIEL INFORMATIQUE;Direction des Operations;;TA/244200/2025/2001/011;Balamba Group;11/3/25;;;;; 	550 000,00 ;;;;;;;;;;;;;;Acodifier apres inventaire 
355;Tablette Samsung;244200;MATERIEL INFORMATIQUE;Direction des Operations;;TA/244200/2025/2001/012;Balamba Group;11/3/25;;;;; 	550 000,00 ;;;;;;;;;;;;;;Acodifier apres inventaire 
356;Tablette Samsung;244200;MATERIEL INFORMATIQUE;Direction des Operations;;TA/244200/2025/2001/013;Balamba Group;11/3/25;;;;; 	550 000,00 ;;;;;;;;;;;;;;Acodifier apres inventaire 
357;Tablette Samsung;244200;MATERIEL INFORMATIQUE;Direction des Operations;;TA/244200/2025/2001/014;Balamba Group;11/3/25;;;;; 	550 000,00 ;;;;;;;;;;;;;;Acodifier apres inventaire 
358;Tablette Samsung;244200;MATERIEL INFORMATIQUE;Direction des Operations;;TA/244200/2025/2001/015;Balamba Group;11/3/25;;;;; 	550 000,00 ;;;;;;;;;;;;;;Acodifier apres inventaire 
359;Tablette Samsung;244200;MATERIEL INFORMATIQUE;Direction des Operations;;TA/244200/2025/2001/016;Balamba Group;11/3/25;;;;; 	550 000,00 ;;;;;;;;;;;;;;Acodifier apres inventaire 
360;Tablette Samsung;244200;MATERIEL INFORMATIQUE;Direction des Operations;;TA/244200/2025/2001/017;Balamba Group;11/3/25;;;;; 	550 000,00 ;;;;;;;;;;;;;;Acodifier apres inventaire 
361;Tablette Samsung;244200;MATERIEL INFORMATIQUE;Direction des Operations;;TA/244200/2025/2001/018;Balamba Group;11/3/25;;;;; 	550 000,00 ;;;;;;;;;;;;;;Acodifier apres inventaire 
362;Tablette Samsung;244200;MATERIEL INFORMATIQUE;Direction des Operations;;TA/244200/2025/2001/019;Balamba Group;11/3/25;;;;; 	550 000,00 ;;;;;;;;;;;;;;Acodifier apres inventaire 
363;Tablette Samsung;244200;MATERIEL INFORMATIQUE;Direction des Operations;;TA/244200/2025/2001/020;Balamba Group;11/3/25;;;;; 	550 000,00 ;;;;;;;;;;;;;;Acodifier apres inventaire 
364;Tablette Samsung;244200;MATERIEL INFORMATIQUE;Direction des Operations;;TA/244200/2025/2001/021;Balamba Group;11/3/25;;;;; 	550 000,00 ;;;;;;;;;;;;;;Acodifier apres inventaire 
365;Tablette Samsung;244200;MATERIEL INFORMATIQUE;Direction des Operations;;TA/244200/2025/2001/022;Balamba Group;11/3/25;;;;; 	550 000,00 ;;;;;;;;;;;;;;Acodifier apres inventaire 
366;Tablette Samsung;244200;MATERIEL INFORMATIQUE;Direction des Operations;;TA/244200/2025/2001/023;Balamba Group;11/3/25;;;;; 	550 000,00 ;;;;;;;;;;;;;;Acodifier apres inventaire 
367;Tablette Samsung;244200;MATERIEL INFORMATIQUE;Direction des Operations;;TA/244200/2025/2001/024;Balamba Group;11/3/25;;;;; 	550 000,00 ;;;;;;;;;;;;;;Acodifier apres inventaire 
368;Tablette Samsung;244200;MATERIEL INFORMATIQUE;Direction des Operations;;TA/244200/2025/2001/025;Balamba Group;11/3/25;;;;; 	550 000,00 ;;;;;;;;;;;;;;Acodifier apres inventaire 
369;Tablette Samsung;244200;MATERIEL INFORMATIQUE;Direction des Operations;;TA/244200/2025/2001/026;Balamba Group;11/3/25;;;;; 	550 000,00 ;;;;;;;;;;;;;;Acodifier apres inventaire 
370;Tablette Samsung;244200;MATERIEL INFORMATIQUE;Direction des Operations;;TA/244200/2025/2001/027;Balamba Group;11/3/25;;;;; 	550 000,00 ;;;;;;;;;;;;;;Acodifier apres inventaire 
371;Tablette Samsung;244200;MATERIEL INFORMATIQUE;Direction des Operations;;TA/244200/2025/2001/028;Balamba Group;11/3/25;;;;; 	550 000,00 ;;;;;;;;;;;;;;Acodifier apres inventaire 
372;Tablette Samsung;244200;MATERIEL INFORMATIQUE;Direction des Operations;;TA/244200/2025/2001/029;Balamba Group;11/3/25;;;;; 	550 000,00 ;;;;;;;;;;;;;;Acodifier apres inventaire 
373;Armoire ETALLAGE EN BOIS;244400;MATERIEL DE BUREAU;Services Generaux ;;TA/244400/2025/3005/035;;6/18/25;;;;; 	430 500,00 ;;;;;;;;;;;;;;Acodifier apres inventaire 
374;Armoire ETALLAGE EN BOIS;244400;MATERIEL DE BUREAU;Services Generaux ;;TA/244400/2025/3005/036;;6/18/25;;;;; 	430 500,00 ;;;;;;;;;;;;;;Acodifier apres inventaire 
375;Armoire ETALLAGE EN BOIS;244400;MATERIEL DE BUREAU;Services Generaux ;;TA/244400/2025/3005/037;;6/18/25;;;;; 	430 500,00 ;;;;;;;;;;;;;;Acodifier apres inventaire 
376;ordinateur Imac /M4;244200;MATERIEL INFORMATIQUE;COMMUNICATION;;TA/244200/2025/0007/025;Congo phone RDC;10/13/25;;;;; 	4 735 250,00 ;;;;;;;;;;;;;;
377;;;;;;;;;;;;;;;;;;;;;;;;;;;
378;;;;;;;;;;;;;;;;;;;;;;;;;;;
